-- MySQL dump 10.13  Distrib 5.7.19, for Linux (x86_64)
--
-- Host: localhost    Database: users
-- ------------------------------------------------------
-- Server version	5.7.19-0ubuntu0.16.04.1

/*!40101 SET @OLD_CHARACTER_SET_CLIENT=@@CHARACTER_SET_CLIENT */;
/*!40101 SET @OLD_CHARACTER_SET_RESULTS=@@CHARACTER_SET_RESULTS */;
/*!40101 SET @OLD_COLLATION_CONNECTION=@@COLLATION_CONNECTION */;
/*!40101 SET NAMES utf8 */;
/*!40103 SET @OLD_TIME_ZONE=@@TIME_ZONE */;
/*!40103 SET TIME_ZONE='+00:00' */;
/*!40014 SET @OLD_UNIQUE_CHECKS=@@UNIQUE_CHECKS, UNIQUE_CHECKS=0 */;
/*!40014 SET @OLD_FOREIGN_KEY_CHECKS=@@FOREIGN_KEY_CHECKS, FOREIGN_KEY_CHECKS=0 */;
/*!40101 SET @OLD_SQL_MODE=@@SQL_MODE, SQL_MODE='NO_AUTO_VALUE_ON_ZERO' */;
/*!40111 SET @OLD_SQL_NOTES=@@SQL_NOTES, SQL_NOTES=0 */;

--
-- Table structure for table `author`
--

DROP TABLE IF EXISTS `author`;
/*!40101 SET @saved_cs_client     = @@character_set_client */;
/*!40101 SET character_set_client = utf8 */;
CREATE TABLE `author` (
  `id` int(11) NOT NULL AUTO_INCREMENT,
  `name` varchar(45) DEFAULT NULL,
  PRIMARY KEY (`id`),
  UNIQUE KEY `name` (`name`)
) ENGINE=InnoDB AUTO_INCREMENT=5 DEFAULT CHARSET=utf8;
/*!40101 SET character_set_client = @saved_cs_client */;

--
-- Dumping data for table `author`
--

LOCK TABLES `author` WRITE;
/*!40000 ALTER TABLE `author` DISABLE KEYS */;
INSERT INTO `author` VALUES (2,'–ì–∞–Ω–¥–æ–ø–∞—Å'),(1,'–î–æ—Å—Ç–∞–µ–≤—Å–∫–∏–π'),(4,'–ñ–æ–ø–Ω—ã–π —Ñ–∏–ª–æ—Å–æ—Ñ'),(3,'–°–µ—Ä–≤–∞–Ω—Ç–µ—Å');
/*!40000 ALTER TABLE `author` ENABLE KEYS */;
UNLOCK TABLES;

--
-- Table structure for table `cites`
--

DROP TABLE IF EXISTS `cites`;
/*!40101 SET @saved_cs_client     = @@character_set_client */;
/*!40101 SET character_set_client = utf8 */;
CREATE TABLE `cites` (
  `author_id` int(11) DEFAULT NULL,
  `text` varchar(256) DEFAULT NULL,
  UNIQUE KEY `text` (`text`)
) ENGINE=InnoDB DEFAULT CHARSET=utf8;
/*!40101 SET character_set_client = @saved_cs_client */;

--
-- Dumping data for table `cites`
--

LOCK TABLES `cites` WRITE;
/*!40000 ALTER TABLE `cites` DISABLE KEYS */;
INSERT INTO `cites` VALUES (1,'–°—É–µ—Ç—Å—è —Ä–∞—Å—Å—É–∂–¥–∞—Ç—å –∏ —Ä–µ—à–∞—Ç—å, –≤ —á–µ–º –Ω–µ —Å–º—ã—Å–ª–∏—Ç.'),(1,'–ë—ã–ª–æ –±—ã –æ—á–µ–Ω—å –∑–∞–∑–æ—Ä–Ω–æ –ø–µ—Ä–µ–¥ —Å–∞–º–∏–º —Å–æ–±–æ–π.'),(1,'–¢–µ–º –Ω–µ –º–µ–Ω–µ–µ –±–µ–¥–∞ —Å–æ–≤–µ—Ä—à–∏–ª–∞—Å—å.'),(1,'–í–æ–ø—Ä–æ—Å–æ–≤ —è –Ω–∞—Å—Ç–∞–≤–∏–ª –º–Ω–æ–≥–æ, –Ω–æ –µ—Å—Ç—å –æ–¥–∏–Ω —Å–∞–º—ã–π –≤–∞–∂–Ω—ã–π.'),(1,'–î–æ—Å—Ç–æ–ª—é–±–µ–∑–Ω–æ–π –∏ –ø–æ—á—Ç–µ–Ω–Ω–æ–π —Å—É–ø—Ä—É–≥–µ –Ω–∞—à–µ–π'),(1,'–ù–æ —Ç—É—Ç –Ω–µ –±—ã–ª–æ –Ω–∏–∫–∞–∫–æ–≥–æ –æ—Å–æ–±–µ–Ω–Ω–æ–≥–æ –Ω–∞–º–µ—Ä–µ–Ω–∏—è, –∞ –ø—Ä–æ—Å—Ç–æ –∫–∞–∫-—Ç–æ —Ç–∞–∫ –ø–æ—á–µ–º—É-—Ç–æ –≤—ã—à–ª–æ.'),(1,'–° –ø–æ—è–≤–ª–µ–Ω–∏–µ–º —ç—Ç–æ–π –≥–ª–∞–≤–Ω–æ–π –∏ –≤—Å–µ –ø–æ–≥–ª–æ—Ç–∏–≤—à–µ–π –≤–æ –º–Ω–µ –∏–¥–µ–∏ –º–µ—á—Ç—ã –º–æ–∏ —Å–∫—Ä–µ–ø–∏–ª–∏—Å—å –∏ —Ä–∞–∑–æ–º –æ—Ç–ª–∏–ª–∏—Å—å –≤ –∏–∑–≤–µc—Ç–Ω—É—é —Ñ–æ—Ä–º—É: –∏–∑ –≥–ª—É–ø—ã—Ö —Å–¥–µ–ª–∞–ª–∏—Å—å —Ä–∞–∑—É–º–Ω—ã–º–∏.'),(1,'–Ø –Ω–∞–ø–∏—Å–∞–ª –∫–æ–º—É —Å–ª–µ–¥—É–µ—Ç, —á–µ—Ä–µ–∑ –∫–æ–≥–æ —Å–ª–µ–¥—É–µ—Ç.'),(1,'–ë–µ–∑ —Ñ–∞–∫—Ç–æ–≤ —á—É–≤—Å—Ç–≤ –Ω–µ –æ–ø–∏—à–µ—à—å.'),(1,'–û–¥–Ω–∞–∂–¥—ã –∫–∞–∫-—Ç–æ —Å–ª–∏—à–∫–æ–º —É–∂ –æ—Ç–ª–∏—á–∏–ª—Å—è –≤ –æ–¥–Ω–æ–º –≤–æ–∑–ª–æ–∂–µ–Ω–Ω–æ–º –Ω–∞ –Ω–µ–≥–æ –ø–æ—Ä—É—á–µ–Ω–∏–∏.'),(1,'–°–ø—Ä–∞—à–∏–≤–∞—Ç—å –¥–µ–Ω–µ–≥ - –ø—Ä–µ–≥–∞–¥–∫–∞—è –∏—Å—Ç–æ—Ä–∏—è, –¥–∞–∂–µ –∂–∞–ª–æ–≤–∞–Ω—å–µ, –µ—Å–ª–∏ —á—É–≤—Å—Ç–≤—É–µ—à—å –≥–¥–µ-—Ç–æ –≤ —Å–∫–ª–∞–¥–∫–∞—Ö —Å–æ–≤–µ—Å—Ç–∏, —á—Ç–æ –∏—Ö –Ω–µ —Å–æ–≤—Å–µ–º –∑–∞—Å–ª—É–∂–∏–ª.'),(1,'–Ø —É—Å—Ç—É–ø—á–∏–≤ –∏ –º–µ–ª–æ—á–µ–Ω —Ç–æ–ª—å–∫–æ –≤ –º–µ–ª–æ—á–∞—Ö, –Ω–æ –≤ –≥–ª–∞–≤–Ω–æ–º –Ω–µ —É—Å—Ç—É–ø–ª—é –Ω–∏–∫–æ–≥–¥–∞.'),(1,'–° –ª–∏—Ü–∞ —Ç–≤–æ–µ–≥–æ –ø—Ä—ã—â–µ—Ç –∑–¥–æ—Ä–æ–≤—å–µ–º.'),(1,'–û—Ç –∫—Ä–∞—Å–∏–≤–æ–π —Å–≤–µ–∂–µ–π –∂–µ–Ω—â–∏–Ω—ã —è–±–ª–æ–∫–æ–º –ø–∞—Ö–Ω–µ—Ç.'),(1,'–ù–µ –æ—Ç –≤—Å—è–∫–æ–≥–æ –º–æ–∂–Ω–æ –æ–±–∏–¥–µ—Ç—å—Å—è. –ù–µ –≤—Å—è–∫–∏–π —Å—Ç–æ–∏—Ç, —á—Ç–æ–±—ã –Ω–∞ –Ω–µ–≥–æ –æ–±—Ä–∞—â–∞—Ç—å –≤–Ω–∏–º–∞–Ω–∏–µ.'),(1,'–ñ–∏–∑–Ω—å –≤—Å—è–∫–æ–π –∂–µ–Ω—â–∏–Ω—ã, —á—Ç–æ–±—ã –æ–Ω–∞ —Ç–∞–º –Ω–∏ –ø—Ä–æ–ø–æ–≤–µ–¥–æ–≤–∞–ª–∞, —ç—Ç–æ - –≤–µ—á–Ω–æ–µ –∏—Å–∫–∞–Ω–∏–µ, –∫–æ–º—É –±—ã –ø–æ–¥—á–∏–Ω–∏—Ç—å—Å—è...'),(1,'–¢—ã –º–Ω–µ –≤ —ç—Ç–æ—Ç –º–µ—Å—è—Ü —Å—Ç–∞–ª –∫–∞–∫ –∫—É—Å–æ–∫ –º–æ–µ–≥–æ —Å–æ–±—Å—Ç–≤–µ–Ω–Ω–æ–≥–æ —Å–µ—Ä–¥—Ü–∞.'),(1,'–û—Å–æ–±–µ–Ω–Ω–æ –ª—é–±–ª—é, –∫–æ–≥–¥–∞ —Ç—ã –≤–æ–∑—Ä–∞–∂–∞–µ—à—å.'),(1,'–í —Å–≤–æ–µ–º –º–µ—Å—Ç–µ –≤—Å–µ –æ—Ç–∑–æ–≤–µ—Ç—Å—è'),(1,'–¢–∞–π–Ω–æ–µ —Å–æ–∑–Ω–∞–Ω–∏–µ –º–æ–≥—É—â–µ—Å—Ç–≤–∞ –Ω–µ—Å—Ç–µ—Ä–ø–∏–º–æ –ø—Ä–∏—è—Ç–Ω–µ–µ —è–≤–Ω–æ–≥–æ –≥–æ—Å–ø–æ–¥—Å—Ç–≤–∞.'),(1,'–í–Ω—É—Ç—Ä–∏ –±–µ–∑–º–µ—Ä–Ω–æ –±–æ–ª—å—à–µ –æ—Å—Ç–∞–µ—Ç—Å—è, —á–µ–º —Ç–æ, —á—Ç–æ –≤—ã—Ö–æ–¥–∏—Ç –≤ —Å–ª–æ–≤–∞—Ö.'),(1,'–ù–µ –≤—Ö–æ–¥–∏—Ç—å –≤ —Å–ø–æ—Ä—ã –∏ –≥–æ–≤–æ—Ä–∏—Ç—å —Ç–æ–ª—å–∫–æ —Å–∞–º–æ–µ –Ω–µ–æ–±—Ö–æ–¥–∏–º–æ–µ, —Ç–∞–∫ —á—Ç–æ–±—ã –Ω–∏–∫—Ç–æ –Ω–µ –º–æ–≥ –æ–±–æ –º–Ω–µ –Ω–∏—á–µ–≥–æ –∑–∞–∫–ª—é—á–∏—Ç—å; –≥–ª–∞–≤–Ω–æ–µ - –Ω–µ —Å–ø–æ—Ä–∏—Ç—å.'),(1,'–Ø –Ω–µ –ø–æ–Ω–∏–º–∞—é, –∫–∞–∫ –º–æ–∂–Ω–æ, –±—É–¥—É—á–∏ –ø–æ–¥ –≤–ª–∏—è–Ω–∏–µ–º –∫–∞–∫–æ–π-–Ω–∏–±—É–¥—å –≥–æ—Å–ø–æ–¥—Å—Ç–≤—É—é—â–µ–π –º—ã—Å–ª–∏, –∫–æ—Ç–æ—Ä–æ–π –ø–æ–¥—á–∏–Ω—è–µ—Ç—Å—è –≤–∞—à —É–º –∏ —Å–µ—Ä–¥—Ü–µ –≤–ø–æ–ª–Ω–µ, –∂–∏—Ç—å –µ—â–µ —á–µ–º-–Ω–∏–±—É–¥—å, —á—Ç–æ –≤–Ω–µ —ç—Ç–æ–π –º—ã—Å–ª–∏.'),(1,'–ù–µ –æ–¥–∏–Ω –ª–æ–≥–∏—á–µ—Å–∫–∏–π –≤—ã–≤–æ–¥, –∞ —Ç–∞–∫ —Å–∫–∞–∑–∞—Ç—å, –≤—ã–≤–æ–¥, –æ–±—Ä–∞—Ç–∏–≤—à–∏–π—Å—è –≤ —á—É–≤—Å—Ç–≤–æ.'),(-1,'Zen poem\r\nTo follow the path:\r\nlook to the master,\r\nfollow the master\r\nwalk with the master\r\nsee through the master,\r\nbecome the master.'),(1,'–°–∫—Ä–µ–ø–ª—è—é—â–∞—è –∏–¥–µ—è —Å–æ–≤—Å–µ–º –ø—Ä–æ–ø–∞–ª–∞. –í—Å–µ —Ç–æ—á–Ω–æ –Ω–∞ –ø–æ—Å—Ç–æ—è–ª–æ–º –¥–≤–æ—Ä–µ –∏ –∑–∞–≤—Ç—Ä–∞ —Å–æ–±–∏—Ä–∞—é—Ç—Å—è –≤–æ–Ω –∏–∑ –†–æ—Å—Å–∏–∏.'),(2,'–ß–µ–ª–æ–≤–µ–∫ - —Å—Ä–µ–¥–Ω–µ–µ –∞—Ä–∏—Ñ–º–µ—Ç–∏—á–µ—Å–∫–æ–µ —Å–≤–æ–µ–≥–æ –æ–∫—Ä—É–∂–µ–Ω–∏—è'),(1,'–°–∞–º–æ–µ –ø—Ä–æ—Å—Ç–æ–µ –ø–æ–Ω–∏–º–∞–µ—Ç—Å—è –≤—Å–µ–≥–¥–∞ –ª–∏—à—å –ø–æ–¥ –∫–æ–Ω–µ—Ü, –∫–æ–≥–¥–∞ –ø–µ—Ä–µ–ø—Ä–æ–±–æ–≤–∞–Ω–æ —É–∂–µ –≤—Å–µ, —á—Ç–æ –º—É–¥—Ä–µ–Ω–µ–π –∏ –≥–ª—É–ø–µ–µ'),(1,'–°–∫–æ–ª—å–∫–æ —É–≥—Ä—é–º—ã—Ö –ª–∏—Ü –ø—Ä–æ—Å—Ç–æ–Ω–∞—Ä–æ–¥—å—è, –≤–æ–∑–≤—Ä–∞—â–∞—é—â–∏—Ö—Å—è —Å —Ä–∞–±–æ—Ç—ã –∏ –ø—Ä–æ–º—ã—Å–ª–æ–≤'),(1,'–ú–æ—è –∏–¥–µ—è - —ç—Ç–æ —Ç–∞ –∫—Ä–µ–ø–æ—Å—Ç—å, –≤ –∫–æ—Ç–æ—Ä—É—é —è –º–æ–≥—É —Å–ø—Ä—è—Ç–∞—Ç—å—Å—è –≤–æ –≤—Å–µ—Ö —Å–ª—É—á–∞—è—Ö –æ—Ç –≤—Å–µ—Ö –ª—é–¥–µ–π'),(3,'–¢–µ—Ö, –∫—Ç–æ –ø—Ä–µ–¥–ø–æ—á–∏—Ç–∞–µ—Ç –∫–æ—Å–Ω–æ–π –ª–µ–Ω–∏\r\n–ò –ø—Ä–∞–∑–¥–Ω–æ–π –Ω–µ–≥–µ –ø—É—Ö–æ–≤—ã—Ö –ø–µ—Ä–∏–Ω\r\n–ö—Ä–æ–≤–∞–≤—ã–π –∏ —Ç—è–∂—ë–ª—ã–π —Ä–∞—Ç–Ω—ã–π —Ç—Ä—É–¥!'),(3,'–•–ª–µ—â–∏ –∂–µ, —Ö–ª–µ—â–∏ —Å–µ–±—è –ø–æ –º—è—Å–∞–º, —Å–∫–æ—Ç –Ω–µ–º—ã—Å–ª–∏–º—ã–π, –ø—Ä–æ–±—É–¥–∏ —Å–≤–æ—é —É–¥–∞–ª—å, –∫–æ—Ç–æ—Ä–∞—è –Ω–∞–ø—Ä–∞–≤–ª–µ–Ω–∞ —É —Ç–µ–±—è –Ω–∞ –æ–±–∂–æ—Ä—Å—Ç–≤–æ –∏ —Ç–æ–ª—å–∫–æ –Ω–∞ –æ–±–∂–æ—Ä—Å—Ç–≤–æ'),(3,'–ù–∞–≤—ä—é—á—å –æ—Å–ª–∞ –∑–æ–ª–æ—Ç–æ–º - –æ–Ω —Ç–µ–±–µ –∏ –≤ –≥–æ—Ä—É –±–µ–≥–æ–º –ø–æ–±–µ–∂–∏—Ç'),(3,'–£ –±–æ–≥–∞ –ø—Ä–æ—Å–∏—Ç—å –Ω–µ —Å—Ç—ã–¥–∏—Å—å, –Ω–æ –∏ –ø–æ—Ç—Ä—É–¥–∏—Ç—å—Å—è –¥–ª—è –Ω–µ–≥–æ –Ω–µ –ª–µ–Ω–∏—Å—å'),(3,'–î–µ–Ω—å –Ω–∞ –¥–µ–Ω—å –Ω–µ –ø–æ—Ö–æ–∂, –∏ –Ω–µ –≤—Å–µ–≥–¥–∞ —á–µ–ª–æ–≤–µ–∫ –≤ –¥—É—Ö–µ –±—ã–≤–∞–µ—Ç'),(3,'–û—Ç–ø–ª–∞—Ç–∏ –¥–æ–±—Ä–æ–º –∑–∞ —Ö–ª–µ–±, –∫–æ—Ç–æ—Ä—ã–π —Ç—ã –µ–ª —É —Å–≤–æ–µ–≥–æ –≥–æ—Å–ø–æ–¥–∏–Ω–∞'),(3,'–•—Ä–∞–±—Ä–æ–µ —Å–µ—Ä–¥—Ü–µ –∑–ª—É—é —Å—É–¥—å–±—É –ª–æ–º–∞–µ—Ç'),(3,'–¢—ã —á–µ–ª–æ–≤–µ–∫ –ø—Ä–ª–Ω–æ–∫—Ä–æ–≤–Ω—ã–π, –∏ –ª—ë–≥–∫–æ–µ –∫—Ä–æ–≤–æ–ø—É—Å–∫–∞–Ω–∏–µ –Ω–µ —Å–º–æ–∂–µ—Ç —Ç–µ–±–µ –ø–æ–≤—Ä–µ–¥–∏—Ç—å'),(4,'–Ø –Ω–µ –∏–≥—Ä—É—à–∫–∞ - —è –∑–Ω–∞—Ç–Ω–∞—è –ª–∏—á–Ω–æ—Å—Ç—å!');
/*!40000 ALTER TABLE `cites` ENABLE KEYS */;
UNLOCK TABLES;

--
-- Table structure for table `event`
--

DROP TABLE IF EXISTS `event`;
/*!40101 SET @saved_cs_client     = @@character_set_client */;
/*!40101 SET character_set_client = utf8 */;
CREATE TABLE `event` (
  `name` varchar(20) DEFAULT NULL,
  `date` date DEFAULT NULL,
  `type` varchar(15) DEFAULT NULL,
  `remark` varchar(255) DEFAULT NULL
) ENGINE=InnoDB DEFAULT CHARSET=latin1;
/*!40101 SET character_set_client = @saved_cs_client */;

--
-- Dumping data for table `event`
--

LOCK TABLES `event` WRITE;
/*!40000 ALTER TABLE `event` DISABLE KEYS */;
INSERT INTO `event` VALUES ('fluffy','1995-05-15','litter','4 kittens, 3 female, 1 male');
/*!40000 ALTER TABLE `event` ENABLE KEYS */;
UNLOCK TABLES;

--
-- Table structure for table `pomodoro`
--

DROP TABLE IF EXISTS `pomodoro`;
/*!40101 SET @saved_cs_client     = @@character_set_client */;
/*!40101 SET character_set_client = utf8 */;
CREATE TABLE `pomodoro` (
  `type` char(1) DEFAULT NULL,
  `time` datetime DEFAULT NULL,
  `session_id` varchar(36) DEFAULT NULL
) ENGINE=InnoDB DEFAULT CHARSET=latin1;
/*!40101 SET character_set_client = @saved_cs_client */;

--
-- Dumping data for table `pomodoro`
--

LOCK TABLES `pomodoro` WRITE;
/*!40000 ALTER TABLE `pomodoro` DISABLE KEYS */;
INSERT INTO `pomodoro` VALUES ('0','2017-10-23 23:44:43','57e70c50-66ab-11e7-b6ac-4fd9fd4aae3d'),('0','2017-10-23 23:48:55','57e70c50-66ab-11e7-b6ac-4fd9fd4aae3d'),('0','2017-10-23 23:49:10','57e70c50-66ab-11e7-b6ac-4fd9fd4aae3d'),('0','2017-10-23 23:49:20','57e70c50-66ab-11e7-b6ac-4fd9fd4aae3d'),('0','2017-10-23 23:56:35','57e70c50-66ab-11e7-b6ac-4fd9fd4aae3d'),('1','2017-10-23 23:56:40','57e70c50-66ab-11e7-b6ac-4fd9fd4aae3d'),('2','2017-10-23 23:56:49','57e70c50-66ab-11e7-b6ac-4fd9fd4aae3d'),('0','2017-10-23 23:57:39','57e70c50-66ab-11e7-b6ac-4fd9fd4aae3d'),('0','2017-10-24 00:28:35','57e70c50-66ab-11e7-b6ac-4fd9fd4aae3d'),('0','2017-10-24 09:55:37','57e70c50-66ab-11e7-b6ac-4fd9fd4aae3d'),('1','2017-10-24 10:04:57','57e70c50-66ab-11e7-b6ac-4fd9fd4aae3d'),('0','2017-10-24 10:30:25','57e70c50-66ab-11e7-b6ac-4fd9fd4aae3d'),('2','2017-10-24 10:40:54','57e70c50-66ab-11e7-b6ac-4fd9fd4aae3d'),('2','2017-10-24 11:31:52','57e70c50-66ab-11e7-b6ac-4fd9fd4aae3d'),('1','2017-10-24 12:23:06','57e70c50-66ab-11e7-b6ac-4fd9fd4aae3d'),('0','2017-10-24 12:48:25','57e70c50-66ab-11e7-b6ac-4fd9fd4aae3d'),('1','2017-10-24 13:08:17','57e70c50-66ab-11e7-b6ac-4fd9fd4aae3d'),('0','2017-10-24 13:42:00','57e70c50-66ab-11e7-b6ac-4fd9fd4aae3d'),('1','2017-10-24 13:51:59','57e70c50-66ab-11e7-b6ac-4fd9fd4aae3d'),('0','2017-10-24 14:19:16','57e70c50-66ab-11e7-b6ac-4fd9fd4aae3d'),('1','2017-10-24 14:24:51','57e70c50-66ab-11e7-b6ac-4fd9fd4aae3d'),('0','2017-10-24 15:00:59','57e70c50-66ab-11e7-b6ac-4fd9fd4aae3d'),('1','2017-10-24 15:13:11','57e70c50-66ab-11e7-b6ac-4fd9fd4aae3d'),('0','2017-10-24 15:40:21','57e70c50-66ab-11e7-b6ac-4fd9fd4aae3d'),('1','2017-10-24 16:00:49','57e70c50-66ab-11e7-b6ac-4fd9fd4aae3d'),('0','2017-10-24 16:28:49','57e70c50-66ab-11e7-b6ac-4fd9fd4aae3d'),('1','2017-10-24 16:39:18','57e70c50-66ab-11e7-b6ac-4fd9fd4aae3d'),('0','2017-10-24 17:04:55','57e70c50-66ab-11e7-b6ac-4fd9fd4aae3d'),('1','2017-10-24 17:17:30','57e70c50-66ab-11e7-b6ac-4fd9fd4aae3d'),('0','2017-10-24 17:45:57','57e70c50-66ab-11e7-b6ac-4fd9fd4aae3d'),('1','2017-10-24 21:44:27','57e70c50-66ab-11e7-b6ac-4fd9fd4aae3d'),('0','2017-10-25 09:26:32','57e70c50-66ab-11e7-b6ac-4fd9fd4aae3d'),('1','2017-10-25 09:36:47','57e70c50-66ab-11e7-b6ac-4fd9fd4aae3d'),('0','2017-10-25 10:06:29','57e70c50-66ab-11e7-b6ac-4fd9fd4aae3d'),('1','2017-10-25 10:31:58','57e70c50-66ab-11e7-b6ac-4fd9fd4aae3d'),('2','2017-10-25 10:43:17','57e70c50-66ab-11e7-b6ac-4fd9fd4aae3d'),('2','2017-10-25 11:15:05','57e70c50-66ab-11e7-b6ac-4fd9fd4aae3d'),('0','2017-10-25 12:02:13','57e70c50-66ab-11e7-b6ac-4fd9fd4aae3d'),('0','2017-10-25 12:49:27','57e70c50-66ab-11e7-b6ac-4fd9fd4aae3d'),('1','2017-10-25 12:56:41','57e70c50-66ab-11e7-b6ac-4fd9fd4aae3d'),('0','2017-10-25 13:23:50','57e70c50-66ab-11e7-b6ac-4fd9fd4aae3d'),('1','2017-10-25 13:29:26','57e70c50-66ab-11e7-b6ac-4fd9fd4aae3d'),('0','2017-10-25 14:05:10','57e70c50-66ab-11e7-b6ac-4fd9fd4aae3d'),('1','2017-10-25 14:24:42','57e70c50-66ab-11e7-b6ac-4fd9fd4aae3d'),('0','2017-10-25 14:51:12','57e70c50-66ab-11e7-b6ac-4fd9fd4aae3d'),('1','2017-10-25 14:59:52','57e70c50-66ab-11e7-b6ac-4fd9fd4aae3d'),('0','2017-10-25 15:26:20','57e70c50-66ab-11e7-b6ac-4fd9fd4aae3d'),('1','2017-10-25 15:32:54','57e70c50-66ab-11e7-b6ac-4fd9fd4aae3d'),('0','2017-10-25 15:58:42','57e70c50-66ab-11e7-b6ac-4fd9fd4aae3d'),('1','2017-10-25 16:10:45','57e70c50-66ab-11e7-b6ac-4fd9fd4aae3d'),('0','2017-10-25 16:39:51','57e70c50-66ab-11e7-b6ac-4fd9fd4aae3d'),('1','2017-10-25 16:46:42','57e70c50-66ab-11e7-b6ac-4fd9fd4aae3d'),('0','2017-10-25 17:32:16','57e70c50-66ab-11e7-b6ac-4fd9fd4aae3d'),('2','2017-10-25 17:49:13','57e70c50-66ab-11e7-b6ac-4fd9fd4aae3d'),('2','2017-10-25 17:59:41','57e70c50-66ab-11e7-b6ac-4fd9fd4aae3d'),('0','2017-10-26 09:16:52','57e70c50-66ab-11e7-b6ac-4fd9fd4aae3d'),('1','2017-10-26 09:27:39','57e70c50-66ab-11e7-b6ac-4fd9fd4aae3d'),('0','2017-10-26 09:54:16','57e70c50-66ab-11e7-b6ac-4fd9fd4aae3d'),('1','2017-10-26 09:59:34','57e70c50-66ab-11e7-b6ac-4fd9fd4aae3d'),('2','2017-10-26 10:09:38','57e70c50-66ab-11e7-b6ac-4fd9fd4aae3d'),('2','2017-10-26 11:22:36','57e70c50-66ab-11e7-b6ac-4fd9fd4aae3d'),('0','2017-10-26 11:50:21','57e70c50-66ab-11e7-b6ac-4fd9fd4aae3d'),('1','2017-10-26 11:57:09','57e70c50-66ab-11e7-b6ac-4fd9fd4aae3d'),('0','2017-10-26 12:29:14','57e70c50-66ab-11e7-b6ac-4fd9fd4aae3d'),('0','2017-10-26 13:21:46','57e70c50-66ab-11e7-b6ac-4fd9fd4aae3d'),('1','2017-10-26 13:45:44','57e70c50-66ab-11e7-b6ac-4fd9fd4aae3d'),('0','2017-10-26 14:14:17','57e70c50-66ab-11e7-b6ac-4fd9fd4aae3d'),('1','2017-10-26 14:22:29','57e70c50-66ab-11e7-b6ac-4fd9fd4aae3d'),('0','2017-10-26 14:50:27','57e70c50-66ab-11e7-b6ac-4fd9fd4aae3d'),('1','2017-10-26 15:04:41','57e70c50-66ab-11e7-b6ac-4fd9fd4aae3d'),('0','2017-10-26 15:30:41','57e70c50-66ab-11e7-b6ac-4fd9fd4aae3d'),('0','2017-10-26 17:43:14','57e70c50-66ab-11e7-b6ac-4fd9fd4aae3d'),('0','2017-10-27 09:32:46','57e70c50-66ab-11e7-b6ac-4fd9fd4aae3d'),('1','2017-10-27 09:37:57','57e70c50-66ab-11e7-b6ac-4fd9fd4aae3d'),('0','2017-10-27 10:03:01','57e70c50-66ab-11e7-b6ac-4fd9fd4aae3d'),('1','2017-10-27 10:31:31','57e70c50-66ab-11e7-b6ac-4fd9fd4aae3d'),('0','2017-10-27 12:38:29','57e70c50-66ab-11e7-b6ac-4fd9fd4aae3d'),('1','2017-10-27 12:46:04','57e70c50-66ab-11e7-b6ac-4fd9fd4aae3d'),('0','2017-10-27 13:13:44','57e70c50-66ab-11e7-b6ac-4fd9fd4aae3d'),('2','2017-10-27 13:29:54','57e70c50-66ab-11e7-b6ac-4fd9fd4aae3d'),('0','2017-10-27 13:58:01','57e70c50-66ab-11e7-b6ac-4fd9fd4aae3d'),('1','2017-10-27 14:07:15','57e70c50-66ab-11e7-b6ac-4fd9fd4aae3d'),('0','2017-10-27 14:32:46','57e70c50-66ab-11e7-b6ac-4fd9fd4aae3d'),('1','2017-10-27 15:03:26','57e70c50-66ab-11e7-b6ac-4fd9fd4aae3d'),('0','2017-10-27 15:29:14','57e70c50-66ab-11e7-b6ac-4fd9fd4aae3d'),('0','2017-10-27 16:08:15','57e70c50-66ab-11e7-b6ac-4fd9fd4aae3d'),('0','2017-10-30 09:39:32','57e70c50-66ab-11e7-b6ac-4fd9fd4aae3d'),('1','2017-10-30 10:02:15','57e70c50-66ab-11e7-b6ac-4fd9fd4aae3d'),('0','2017-10-30 10:37:50','57e70c50-66ab-11e7-b6ac-4fd9fd4aae3d'),('2','2017-10-30 10:52:54','57e70c50-66ab-11e7-b6ac-4fd9fd4aae3d'),('0','2017-10-30 12:08:05','57e70c50-66ab-11e7-b6ac-4fd9fd4aae3d'),('2','2017-10-30 12:50:05','57e70c50-66ab-11e7-b6ac-4fd9fd4aae3d'),('0','2017-10-30 13:40:33','57e70c50-66ab-11e7-b6ac-4fd9fd4aae3d'),('1','2017-10-30 14:06:58','57e70c50-66ab-11e7-b6ac-4fd9fd4aae3d'),('0','2017-10-30 14:38:22','57e70c50-66ab-11e7-b6ac-4fd9fd4aae3d'),('1','2017-10-30 14:51:10','57e70c50-66ab-11e7-b6ac-4fd9fd4aae3d'),('0','2017-10-30 15:17:51','57e70c50-66ab-11e7-b6ac-4fd9fd4aae3d'),('1','2017-10-30 15:36:50','57e70c50-66ab-11e7-b6ac-4fd9fd4aae3d'),('0','2017-10-30 16:02:33','57e70c50-66ab-11e7-b6ac-4fd9fd4aae3d'),('1','2017-10-30 16:09:39','57e70c50-66ab-11e7-b6ac-4fd9fd4aae3d'),('0','2017-10-30 17:38:56','57e70c50-66ab-11e7-b6ac-4fd9fd4aae3d'),('0','2017-10-31 10:14:39','57e70c50-66ab-11e7-b6ac-4fd9fd4aae3d'),('1','2017-10-31 10:21:06','57e70c50-66ab-11e7-b6ac-4fd9fd4aae3d'),('0','2017-10-31 10:47:14','57e70c50-66ab-11e7-b6ac-4fd9fd4aae3d'),('2','2017-10-31 10:59:17','57e70c50-66ab-11e7-b6ac-4fd9fd4aae3d'),('0','2017-10-31 12:29:48','57e70c50-66ab-11e7-b6ac-4fd9fd4aae3d'),('2','2017-10-31 12:49:57','57e70c50-66ab-11e7-b6ac-4fd9fd4aae3d'),('0','2017-10-31 13:14:58','57e70c50-66ab-11e7-b6ac-4fd9fd4aae3d'),('1','2017-10-31 13:38:53','57e70c50-66ab-11e7-b6ac-4fd9fd4aae3d'),('0','2017-10-31 14:04:46','57e70c50-66ab-11e7-b6ac-4fd9fd4aae3d'),('1','2017-10-31 14:31:59','57e70c50-66ab-11e7-b6ac-4fd9fd4aae3d'),('0','2017-10-31 15:15:01','57e70c50-66ab-11e7-b6ac-4fd9fd4aae3d'),('0','2017-10-31 16:35:56','57e70c50-66ab-11e7-b6ac-4fd9fd4aae3d'),('0','2017-11-01 09:45:47','57e70c50-66ab-11e7-b6ac-4fd9fd4aae3d'),('1','2017-11-01 10:01:32','57e70c50-66ab-11e7-b6ac-4fd9fd4aae3d'),('0','2017-11-01 10:41:10','57e70c50-66ab-11e7-b6ac-4fd9fd4aae3d'),('2','2017-11-01 10:57:38','57e70c50-66ab-11e7-b6ac-4fd9fd4aae3d'),('0','2017-11-01 12:20:24','57e70c50-66ab-11e7-b6ac-4fd9fd4aae3d'),('1','2017-11-01 13:07:52','57e70c50-66ab-11e7-b6ac-4fd9fd4aae3d'),('0','2017-11-01 13:33:08','57e70c50-66ab-11e7-b6ac-4fd9fd4aae3d'),('1','2017-11-01 13:44:47','57e70c50-66ab-11e7-b6ac-4fd9fd4aae3d'),('0','2017-11-01 14:13:30','57e70c50-66ab-11e7-b6ac-4fd9fd4aae3d'),('1','2017-11-01 14:33:28','57e70c50-66ab-11e7-b6ac-4fd9fd4aae3d'),('0','2017-11-01 16:27:32','57e70c50-66ab-11e7-b6ac-4fd9fd4aae3d'),('1','2017-11-01 17:03:37','57e70c50-66ab-11e7-b6ac-4fd9fd4aae3d'),('0','2017-11-02 10:00:01','57e70c50-66ab-11e7-b6ac-4fd9fd4aae3d'),('1','2017-11-02 10:14:13','57e70c50-66ab-11e7-b6ac-4fd9fd4aae3d'),('2','2017-11-02 10:25:06','57e70c50-66ab-11e7-b6ac-4fd9fd4aae3d'),('0','2017-11-02 11:39:41','57e70c50-66ab-11e7-b6ac-4fd9fd4aae3d'),('0','2017-11-02 12:22:42','57e70c50-66ab-11e7-b6ac-4fd9fd4aae3d'),('1','2017-11-02 12:55:30','57e70c50-66ab-11e7-b6ac-4fd9fd4aae3d'),('0','2017-11-02 13:51:32','57e70c50-66ab-11e7-b6ac-4fd9fd4aae3d'),('1','2017-11-02 14:21:05','57e70c50-66ab-11e7-b6ac-4fd9fd4aae3d'),('0','2017-11-02 16:31:15','57e70c50-66ab-11e7-b6ac-4fd9fd4aae3d');
/*!40000 ALTER TABLE `pomodoro` ENABLE KEYS */;
UNLOCK TABLES;

--
-- Table structure for table `sessions`
--

DROP TABLE IF EXISTS `sessions`;
/*!40101 SET @saved_cs_client     = @@character_set_client */;
/*!40101 SET character_set_client = utf8 */;
CREATE TABLE `sessions` (
  `session_id` varchar(36) NOT NULL,
  `user_id` int(11) NOT NULL,
  `user_agent` varchar(45) DEFAULT NULL,
  UNIQUE KEY `session_id` (`session_id`)
) ENGINE=InnoDB DEFAULT CHARSET=latin1;
/*!40101 SET character_set_client = @saved_cs_client */;

--
-- Dumping data for table `sessions`
--

LOCK TABLES `sessions` WRITE;
/*!40000 ALTER TABLE `sessions` DISABLE KEYS */;
INSERT INTO `sessions` VALUES ('57e70c50-66ab-11e7-b6ac-4fd9fd4aae3d',3,NULL);
/*!40000 ALTER TABLE `sessions` ENABLE KEYS */;
UNLOCK TABLES;

--
-- Table structure for table `user_apps`
--

DROP TABLE IF EXISTS `user_apps`;
/*!40101 SET @saved_cs_client     = @@character_set_client */;
/*!40101 SET character_set_client = utf8 */;
CREATE TABLE `user_apps` (
  `name` varchar(45) NOT NULL,
  `db` varchar(45) DEFAULT NULL,
  `scripts_folder` varchar(45) DEFAULT NULL,
  `views_folder` varchar(45) DEFAULT NULL,
  `icon` varchar(45) DEFAULT NULL,
  `user_id` int(11) DEFAULT NULL,
  UNIQUE KEY `name_UNIQUE` (`name`),
  UNIQUE KEY `db_UNIQUE` (`db`)
) ENGINE=InnoDB DEFAULT CHARSET=latin1;
/*!40101 SET character_set_client = @saved_cs_client */;

--
-- Dumping data for table `user_apps`
--

LOCK TABLES `user_apps` WRITE;
/*!40000 ALTER TABLE `user_apps` DISABLE KEYS */;
/*!40000 ALTER TABLE `user_apps` ENABLE KEYS */;
UNLOCK TABLES;

--
-- Table structure for table `users`
--

DROP TABLE IF EXISTS `users`;
/*!40101 SET @saved_cs_client     = @@character_set_client */;
/*!40101 SET character_set_client = utf8 */;
CREATE TABLE `users` (
  `name` varchar(45) DEFAULT NULL,
  `password` binary(20) DEFAULT NULL,
  `id` int(11) NOT NULL AUTO_INCREMENT,
  PRIMARY KEY (`id`),
  UNIQUE KEY `name_UNIQUE` (`name`)
) ENGINE=InnoDB AUTO_INCREMENT=4 DEFAULT CHARSET=latin1;
/*!40101 SET character_set_client = @saved_cs_client */;

--
-- Dumping data for table `users`
--

LOCK TABLES `users` WRITE;
/*!40000 ALTER TABLE `users` DISABLE KEYS */;
INSERT INTO `users` VALUES ('alex','5j+y∞LTWM¬çF\Ê9T(´',3);
/*!40000 ALTER TABLE `users` ENABLE KEYS */;
UNLOCK TABLES;
/*!40103 SET TIME_ZONE=@OLD_TIME_ZONE */;

/*!40101 SET SQL_MODE=@OLD_SQL_MODE */;
/*!40014 SET FOREIGN_KEY_CHECKS=@OLD_FOREIGN_KEY_CHECKS */;
/*!40014 SET UNIQUE_CHECKS=@OLD_UNIQUE_CHECKS */;
/*!40101 SET CHARACTER_SET_CLIENT=@OLD_CHARACTER_SET_CLIENT */;
/*!40101 SET CHARACTER_SET_RESULTS=@OLD_CHARACTER_SET_RESULTS */;
/*!40101 SET COLLATION_CONNECTION=@OLD_COLLATION_CONNECTION */;
/*!40111 SET SQL_NOTES=@OLD_SQL_NOTES */;

-- Dump completed on 2017-11-03  2:33:55
